tool,record_type_id,path,label_zh,purpose_zh,use_case_zh,type,example_value,observed_at
kaito_entities,kaito-social-spider.kaito_entity_reference,coingecko_id,CoinGecko 标识,与 CoinGecko 对象对应的稳定名称。,将社交讨论与行情对象匹配。,str,,2026-09-27T08:31:52.055893+00:00
kaito_entities,kaito-social-spider.kaito_entity_reference,fullname,对象全名,项目、币种或叙事的完整名称。,核对同名或相似代号对应的对象。,str,Bitcoin,2026-09-27T08:31:52.055893+00:00
kaito_entities,kaito-social-spider.kaito_entity_reference,symbol,交易符号,币种或股票常用的交易符号。,把 Kaito 对象与市场行情中的符号对应起来。,str,BTC,2026-09-27T08:31:52.055893+00:00
kaito_entities,kaito-social-spider.kaito_entity_reference,token,对象代号,Kaito 用来识别项目或币种的代号。,先用它确认对象，再查询该对象的走势。,str,BTC,2026-09-27T08:31:52.055893+00:00
kaito_narratives,kaito-social-spider.kaito_narrative_reference,description,说明,对象或事件的文字说明。,打开原始资料，确认它是否符合想研究的主题。,str,,2026-09-27T08:31:52.055893+00:00
kaito_narratives,kaito-social-spider.kaito_narrative_reference,fullname,对象全名,项目、币种或叙事的完整名称。,核对同名或相似代号对应的对象。,str,AI,2026-09-27T08:31:52.055893+00:00
kaito_narratives,kaito-social-spider.kaito_narrative_reference,narrative,叙事代号,Kaito 识别叙事主题的代码。,用同一代号追踪一个叙事的关注变化。,str,AI,2026-09-27T08:31:52.055893+00:00
kaito_feeds,kaito-social-spider.kaito_feed_item,author_name,作者显示名,发布者在平台显示的名称。,人工核对作者身份。,str,,2026-09-27T08:31:52.055893+00:00
kaito_feeds,kaito-social-spider.kaito_feed_item,author_user_id,作者用户 ID,发布者在 X 上的用户标识。,关联作者资料和关注关系。,str,,2026-09-27T08:31:52.055893+00:00
kaito_feeds,kaito-social-spider.kaito_feed_item,author_username,作者账号,发布内容的账号名称。,把内容按作者去重或观察特定账号。,str,,2026-09-27T08:31:52.055893+00:00
kaito_feeds,kaito-social-spider.kaito_feed_item,created_at,发布时间,内容或账号创建的时间。,按时间窗口比较新增讨论。,str,2026-09-26T17:43:49.000Z,2026-09-27T08:31:52.055893+00:00
kaito_feeds,kaito-social-spider.kaito_feed_item,doc_id,文档标识,内容在搜索索引中的标识。,合并搜索和动态结果时避免重复。,str,,2026-09-27T08:31:52.055893+00:00
kaito_feeds,kaito-social-spider.kaito_feed_item,engagement,互动量,内容获得的总体互动。,比较内容的传播程度。,int,1923,2026-09-27T08:31:52.055893+00:00
kaito_feeds,kaito-social-spider.kaito_feed_item,id,记录标识,这条上游记录的标识。,去重或回查同一条原始记录。,str,,2026-09-27T08:31:52.055893+00:00
kaito_feeds,kaito-social-spider.kaito_feed_item,smart_engagement,高质量账号互动,相关内容得到的高质量账号互动。,衡量事件在专业账号中的传播。,int,36,2026-09-27T08:31:52.055893+00:00
kaito_feeds,kaito-social-spider.kaito_feed_item,summary,内容摘要,上游提供的内容摘要。,打开原文判断讨论是否真正相关。,str,,2026-09-27T08:31:52.055893+00:00
kaito_feeds,kaito-social-spider.kaito_feed_item,tokens,关联对象,上游标出的相关项目或币种列表。,筛出与目标对象有关的内容。,array,[],2026-09-27T08:31:52.055893+00:00
kaito_feeds,kaito-social-spider.kaito_feed_item,type,内容来源类型,这条内容属于 X 动态还是新闻等来源。,比较不同来源对同一主题的讨论。,str,Twitter,2026-09-27T08:31:52.055893+00:00
kaito_feeds,kaito-social-spider.kaito_feed_item,url,原文链接,指向来源内容的链接。,查看证据原文，确认摘要没有误导。,str,,2026-09-27T08:31:52.055893+00:00
kaito_search,kaito-social-spider.kaito_search_result,author_name,作者显示名,发布者在平台显示的名称。,人工核对作者身份。,str,,2026-09-27T08:31:52.055893+00:00
kaito_search,kaito-social-spider.kaito_search_result,author_user_id,作者用户 ID,发布者在 X 上的用户标识。,关联作者资料和关注关系。,str,,2026-09-27T08:31:52.055893+00:00
kaito_search,kaito-social-spider.kaito_search_result,author_username,作者账号,发布内容的账号名称。,把内容按作者去重或观察特定账号。,str,,2026-09-27T08:31:52.055893+00:00
kaito_search,kaito-social-spider.kaito_search_result,created_at,发布时间,内容或账号创建的时间。,按时间窗口比较新增讨论。,str,2026-09-21T12:02:35.000Z,2026-09-27T08:31:52.055893+00:00
kaito_search,kaito-social-spider.kaito_search_result,doc_id,文档标识,内容在搜索索引中的标识。,合并搜索和动态结果时避免重复。,str,,2026-09-27T08:31:52.055893+00:00
kaito_search,kaito-social-spider.kaito_search_result,engagement,互动量,内容获得的总体互动。,比较内容的传播程度。,int,16163,2026-09-27T08:31:52.055893+00:00
kaito_search,kaito-social-spider.kaito_search_result,id,记录标识,这条上游记录的标识。,去重或回查同一条原始记录。,str,,2026-09-27T08:31:52.055893+00:00
kaito_search,kaito-social-spider.kaito_search_result,smart_engagement,高质量账号互动,相关内容得到的高质量账号互动。,衡量事件在专业账号中的传播。,int,51,2026-09-27T08:31:52.055893+00:00
kaito_search,kaito-social-spider.kaito_search_result,summary,内容摘要,上游提供的内容摘要。,打开原文判断讨论是否真正相关。,str,,2026-09-27T08:31:52.055893+00:00
kaito_search,kaito-social-spider.kaito_search_result,tokens,关联对象,上游标出的相关项目或币种列表。,筛出与目标对象有关的内容。,array,[],2026-09-27T08:31:52.055893+00:00
kaito_search,kaito-social-spider.kaito_search_result,type,内容来源类型,这条内容属于 X 动态还是新闻等来源。,比较不同来源对同一主题的讨论。,str,Twitter,2026-09-27T08:31:52.055893+00:00
kaito_search,kaito-social-spider.kaito_search_result,url,原文链接,指向来源内容的链接。,查看证据原文，确认摘要没有误导。,str,,2026-09-27T08:31:52.055893+00:00
kaito_advanced_search,kaito-social-spider.kaito_search_result,author_name,作者显示名,发布者在平台显示的名称。,人工核对作者身份。,str,,2026-09-27T08:31:52.055893+00:00
kaito_advanced_search,kaito-social-spider.kaito_search_result,author_user_id,作者用户 ID,发布者在 X 上的用户标识。,关联作者资料和关注关系。,str,,2026-09-27T08:31:52.055893+00:00
kaito_advanced_search,kaito-social-spider.kaito_search_result,author_username,作者账号,发布内容的账号名称。,把内容按作者去重或观察特定账号。,str,,2026-09-27T08:31:52.055893+00:00
kaito_advanced_search,kaito-social-spider.kaito_search_result,created_at,发布时间,内容或账号创建的时间。,按时间窗口比较新增讨论。,str,2026-09-16T11:25:49.000Z,2026-09-27T08:31:52.055893+00:00
kaito_advanced_search,kaito-social-spider.kaito_search_result,doc_id,文档标识,内容在搜索索引中的标识。,合并搜索和动态结果时避免重复。,str,,2026-09-27T08:31:52.055893+00:00
kaito_advanced_search,kaito-social-spider.kaito_search_result,engagement,互动量,内容获得的总体互动。,比较内容的传播程度。,int,23896,2026-09-27T08:31:52.055893+00:00
kaito_advanced_search,kaito-social-spider.kaito_search_result,id,记录标识,这条上游记录的标识。,去重或回查同一条原始记录。,str,,2026-09-27T08:31:52.055893+00:00
kaito_advanced_search,kaito-social-spider.kaito_search_result,smart_engagement,高质量账号互动,相关内容得到的高质量账号互动。,衡量事件在专业账号中的传播。,int,34,2026-09-27T08:31:52.055893+00:00
kaito_advanced_search,kaito-social-spider.kaito_search_result,summary,内容摘要,上游提供的内容摘要。,打开原文判断讨论是否真正相关。,str,,2026-09-27T08:31:52.055893+00:00
kaito_advanced_search,kaito-social-spider.kaito_search_result,tokens,关联对象,上游标出的相关项目或币种列表。,筛出与目标对象有关的内容。,array,[],2026-09-27T08:31:52.055893+00:00
kaito_advanced_search,kaito-social-spider.kaito_search_result,type,内容来源类型,这条内容属于 X 动态还是新闻等来源。,比较不同来源对同一主题的讨论。,str,Twitter,2026-09-27T08:31:52.055893+00:00
kaito_advanced_search,kaito-social-spider.kaito_search_result,url,原文链接,指向来源内容的链接。,查看证据原文，确认摘要没有误导。,str,,2026-09-27T08:31:52.055893+00:00
kaito_twitter_user_metadata,kaito-social-spider.kaito_twitter_user_metadata,bio,账号简介,账号资料中的自我介绍。,人工判断账号类别是否合适。,str,,2026-09-27T08:31:52.055893+00:00
kaito_twitter_user_metadata,kaito-social-spider.kaito_twitter_user_metadata,created_at,发布时间,内容或账号创建的时间。,按时间窗口比较新增讨论。,str,2011-08-24T04:46:48+00:00,2026-09-27T08:31:52.055893+00:00
kaito_twitter_user_metadata,kaito-social-spider.kaito_twitter_user_metadata,followers,粉丝数,账号当前的粉丝量。,比较作者的受众规模。,int,1003,2026-09-27T08:31:52.055893+00:00
kaito_twitter_user_metadata,kaito-social-spider.kaito_twitter_user_metadata,following_count,关注人数,账号主动关注的账号数量。,辅助理解账号行为。,int,6314,2026-09-27T08:31:52.055893+00:00
kaito_twitter_user_metadata,kaito-social-spider.kaito_twitter_user_metadata,icon,头像链接,账号资料中的头像地址。,人工核对账号身份。,str,,2026-09-27T08:31:52.055893+00:00
kaito_twitter_user_metadata,kaito-social-spider.kaito_twitter_user_metadata,id,记录标识,这条上游记录的标识。,去重或回查同一条原始记录。,str,,2026-09-27T08:31:52.055893+00:00
kaito_twitter_user_metadata,kaito-social-spider.kaito_twitter_user_metadata,name,显示名称,账号或对象展示给用户的名称。,与账号 ID 一起确认对象。,str,,2026-09-27T08:31:52.055893+00:00
kaito_twitter_user_metadata,kaito-social-spider.kaito_twitter_user_metadata,tag_individual_or_organization,个人或机构,Kaito 对账号的个人/机构分类。,分开比较个人和机构带来的讨论。,str,Individual,2026-09-27T08:31:52.055893+00:00
kaito_twitter_user_metadata,kaito-social-spider.kaito_twitter_user_metadata,user_type,账号类型,Kaito 对账号的类型标记。,筛选适合研究的账号群体。,str,non_kkol,2026-09-27T08:31:52.055893+00:00
kaito_twitter_user_metadata,kaito-social-spider.kaito_twitter_user_metadata,username,账号名,X 账号的用户名。,与关注关系及发帖记录关联。,str,,2026-09-27T08:31:52.055893+00:00
kaito_ict_impressions,,author_id,作者 ID,用于查询某位作者的 X 用户标识。,关联该作者的曝光和资料。,str,,2026-09-27T08:31:52.055893+00:00
kaito_ict_impressions,,end_date,统计止日,这次统计窗口的结束日期。,对齐不同指标的比较区间。,str,2026-09-07,2026-09-27T08:31:52.055893+00:00
kaito_ict_impressions,,is_ict,是否为追踪作者,作者是否属于 Kaito 的 ICT 追踪范围。,判断曝光统计是否可用。,bool,True,2026-09-27T08:31:52.055893+00:00
kaito_ict_impressions,,start_date,统计起日,这次统计窗口的开始日期。,对齐不同指标的比较区间。,str,2026-09-01,2026-09-27T08:31:52.055893+00:00
kaito_ict_impressions,,total_impressions,总曝光量,窗口内作者推文的总浏览量。,比较同一作者不同时段的触达。,int,1426537,2026-09-27T08:31:52.055893+00:00
kaito_ict_impressions,,tweet_count,推文数量,窗口内纳入曝光统计的推文数。,避免只看总曝光忽略发帖量。,int,20,2026-09-27T08:31:52.055893+00:00
kaito_sentiment_entity,kaito-social-spider.kaito_entity_sentiment_timeseries,events,事件计数,情绪序列随附的事件数量或标记。,识别情绪波动附近的事件。,null,,2026-09-27T08:31:52.055893+00:00
kaito_sentiment_entity,kaito-social-spider.kaito_entity_sentiment_timeseries,sentiment_score,情绪得分,按日期返回的市场或对象讨论情绪值。,观察情绪是否与关注度同步变化。,float,105.54331245617999,2026-09-27T08:31:52.055893+00:00
kaito_sentiment_entity,kaito-social-spider.kaito_entity_sentiment_timeseries,timestamp,日期,时间序列中每个观测值对应的日期。,将情绪与行情、提及量按日期对齐。,str,2026-09-01,2026-09-27T08:31:52.055893+00:00
kaito_engagement,kaito-social-spider.kaito_entity_engagement_timeseries,smart_engagement[date],每日高质量账号互动,每天来自高质量账号的互动量。,比较连续几天专业账号参与是否增加。,int,829,2026-09-27T08:31:52.055893+00:00
kaito_engagement,kaito-social-spider.kaito_entity_engagement_timeseries,total_engagement[date],每日总互动,每天的总体互动量。,与高质量账号互动一起看讨论扩散。,int,132660,2026-09-27T08:31:52.055893+00:00
kaito_mentions,kaito-social-spider.kaito_entity_mentions_timeseries,value[date],每日提及量,日期映射中的每天提及次数。,找出对象讨论突然增多的日期。,int,951,2026-09-27T08:31:52.055893+00:00
kaito_mindshare_entity,kaito-social-spider.kaito_entity_mindshare_timeseries,mindshare[date],每日关注份额,每天该对象或叙事在相关讨论中的关注份额。,比较不同时间窗口的关注份额走势。,float,0.06487444855298484,2026-09-27T08:31:52.055893+00:00
kaito_mindshare_entity_by_account,kaito-social-spider.kaito_entity_account_mindshare,mindshare,关注份额,当前窗口内对象占相关讨论的比例。,将排名与实际份额一起看。,float,0.019970643150045736,2026-09-27T08:31:52.055893+00:00
kaito_mindshare_entity_by_account,kaito-social-spider.kaito_entity_account_mindshare,name,显示名称,账号或对象展示给用户的名称。,与账号 ID 一起确认对象。,str,,2026-09-27T08:31:52.055893+00:00
kaito_mindshare_entity_by_account,kaito-social-spider.kaito_entity_account_mindshare,rank,排名,对象或账号在当前榜单中的位置。,找出关注份额靠前的对象。,int,1,2026-09-27T08:31:52.055893+00:00
kaito_mindshare_entity_by_account,kaito-social-spider.kaito_entity_account_mindshare,user_id,用户 ID,X 用户的稳定标识。,把账号排名和账号资料关联。,str,,2026-09-27T08:31:52.055893+00:00
kaito_mindshare_entity_by_account,kaito-social-spider.kaito_entity_account_mindshare,username,账号名,X 账号的用户名。,与关注关系及发帖记录关联。,str,,2026-09-27T08:31:52.055893+00:00
kaito_events,kaito-social-spider.kaito_event,catalyst_list[],事件催化因素,事件附带的催化因素标签。,把同一类事件汇总分析。,str,,2026-09-27T08:31:52.055893+00:00
kaito_events,kaito-social-spider.kaito_event,date,日期,事件或快照对应的日期。,按日比较变化或对齐其他指标。,str,Nov 2026,2026-09-27T08:31:52.055893+00:00
kaito_events,kaito-social-spider.kaito_event,description,说明,对象或事件的文字说明。,打开原始资料，确认它是否符合想研究的主题。,str,,2026-09-27T08:31:52.055893+00:00
kaito_events,kaito-social-spider.kaito_event,earliestRef.created_at,最早证据时间,最早一条参考资料的发布时间。,核对事件最初出现的时间。,str,,2026-09-27T08:31:52.055893+00:00
kaito_events,kaito-social-spider.kaito_event,earliestRef.data_source,最早证据来源,最早参考资料的来源类别。,判断事件来自社交媒体还是其他来源。,str,,2026-09-27T08:31:52.055893+00:00
kaito_events,kaito-social-spider.kaito_event,earliestRef.id,最早证据 ID,最早参考资料的标识。,回查相同证据。,str,,2026-09-27T08:31:52.055893+00:00
kaito_events,kaito-social-spider.kaito_event,earliestRef.url,最早证据链接,最早参考资料的原文地址。,打开证据核实事件。,str,,2026-09-27T08:31:52.055893+00:00
kaito_events,kaito-social-spider.kaito_event,end_date,统计止日,这次统计窗口的结束日期。,对齐不同指标的比较区间。,str,2026-11-30,2026-09-27T08:31:52.055893+00:00
kaito_events,kaito-social-spider.kaito_event,reference_list[].created_at,参考资料时间,事件参考资料的发布时间。,梳理证据的先后顺序。,str,,2026-09-27T08:31:52.055893+00:00
kaito_events,kaito-social-spider.kaito_event,reference_list[].data_source,参考资料来源,参考资料的平台或来源类别。,比较不同来源对事件的报道。,str,,2026-09-27T08:31:52.055893+00:00
kaito_events,kaito-social-spider.kaito_event,reference_list[].id,参考资料 ID,参考资料的标识。,去重或回查参考资料。,str,,2026-09-27T08:31:52.055893+00:00
kaito_events,kaito-social-spider.kaito_event,reference_list[].url,参考资料链接,参考资料的原文地址。,查看支撑事件的原始内容。,str,,2026-09-27T08:31:52.055893+00:00
kaito_events,kaito-social-spider.kaito_event,smart_engagement,高质量账号互动,相关内容得到的高质量账号互动。,衡量事件在专业账号中的传播。,str,20,2026-09-27T08:31:52.055893+00:00
kaito_events,kaito-social-spider.kaito_event,start_date,统计起日,这次统计窗口的开始日期。,对齐不同指标的比较区间。,str,2026-11-01,2026-09-27T08:31:52.055893+00:00
kaito_events,kaito-social-spider.kaito_event,ticker[],关联对象,事件关联的项目或币种代号。,按对象汇总事件。,str,,2026-09-27T08:31:52.055893+00:00
kaito_mindshare_entity_arena,kaito-social-spider.kaito_entity_mindshare_ranking,fullname,对象全名,项目、币种或叙事的完整名称。,核对同名或相似代号对应的对象。,str,Ethereum,2026-09-27T08:31:52.055893+00:00
kaito_mindshare_entity_arena,kaito-social-spider.kaito_entity_mindshare_ranking,mindshare,关注份额,当前窗口内对象占相关讨论的比例。,将排名与实际份额一起看。,float,0.10053987220833573,2026-09-27T08:31:52.055893+00:00
kaito_mindshare_entity_arena,kaito-social-spider.kaito_entity_mindshare_ranking,rank,排名,对象或账号在当前榜单中的位置。,找出关注份额靠前的对象。,int,1,2026-09-27T08:31:52.055893+00:00
kaito_mindshare_entity_arena,kaito-social-spider.kaito_entity_mindshare_ranking,ticker,对象代号,榜单中的项目或币种代号。,与其他数据源中的对象对应。,str,ETH,2026-09-27T08:31:52.055893+00:00
kaito_mindshare_entity_delta,kaito-social-spider.kaito_entity_mindshare_delta,change,关注份额变化,与比较窗口相比的关注份额变化值。,查看关注度上升或下降的对象。,float,0.018112811693618197,2026-09-27T08:31:52.055893+00:00
kaito_mindshare_entity_delta,kaito-social-spider.kaito_entity_mindshare_delta,fullname,对象全名,项目、币种或叙事的完整名称。,核对同名或相似代号对应的对象。,str,Solana,2026-09-27T08:31:52.055893+00:00
kaito_mindshare_entity_delta,kaito-social-spider.kaito_entity_mindshare_delta,mindshare,关注份额,当前窗口内对象占相关讨论的比例。,将排名与实际份额一起看。,float,0.09014714064210234,2026-09-27T08:31:52.055893+00:00
kaito_mindshare_entity_delta,kaito-social-spider.kaito_entity_mindshare_delta,ticker,对象代号,榜单中的项目或币种代号。,与其他数据源中的对象对应。,str,SOL,2026-09-27T08:31:52.055893+00:00
kaito_mindshare_entity_delta,kaito-social-spider.kaito_entity_mindshare_delta,ticker_id,对象内部 ID,Kaito 用来区分榜单对象的标识。,避免仅靠同名代号做关联。,str,,2026-09-27T08:31:52.055893+00:00
kaito_smart_followers,kaito-social-spider.kaito_smart_followers_snapshot,current_ict,当前是否在追踪,账号当前是否属于 ICT 追踪范围。,解释高质量粉丝统计的覆盖范围。,bool,True,2026-09-27T08:31:52.055893+00:00
kaito_smart_followers,kaito-social-spider.kaito_smart_followers_snapshot,date,日期,事件或快照对应的日期。,按日比较变化或对齐其他指标。,str,2026-09-01,2026-09-27T08:31:52.055893+00:00
kaito_smart_followers,kaito-social-spider.kaito_smart_followers_snapshot,mode,返回模式,当前响应是计数还是粉丝名单模式。,正确解读后面的计数或名单。,str,count,2026-09-27T08:31:52.055893+00:00
kaito_smart_followers,kaito-social-spider.kaito_smart_followers_snapshot,num_of_smart_followers,高质量粉丝数,Kaito 识别的高质量账号粉丝数量。,观察一个账号的专业受众是否增长。,int,14198,2026-09-27T08:31:52.055893+00:00
kaito_smart_followers,kaito-social-spider.kaito_smart_followers_snapshot,smart_followers,高质量粉丝名单,指定日期新增的高质量粉丝列表。,核对是谁带来了受众变化。,array,[],2026-09-27T08:31:52.055893+00:00
kaito_smart_followers,kaito-social-spider.kaito_smart_followers_snapshot,user_id,用户 ID,X 用户的稳定标识。,把账号排名和账号资料关联。,str,,2026-09-27T08:31:52.055893+00:00
kaito_smart_following,kaito-social-spider.kaito_smart_following_snapshot,category,账号类别,被关注账号的类别。,区分个人与机构关注。,str,Organization,2026-09-27T08:31:52.055893+00:00
kaito_smart_following,kaito-social-spider.kaito_smart_following_snapshot,date,日期,事件或快照对应的日期。,按日比较变化或对齐其他指标。,str,2025-12-29,2026-09-27T08:31:52.055893+00:00
kaito_smart_following,kaito-social-spider.kaito_smart_following_snapshot,user_id,用户 ID,X 用户的稳定标识。,把账号排名和账号资料关联。,str,,2026-09-27T08:31:52.055893+00:00
kaito_smart_following,kaito-social-spider.kaito_smart_following_snapshot,username,账号名,X 账号的用户名。,与关注关系及发帖记录关联。,str,,2026-09-27T08:31:52.055893+00:00
kaito_mindshare_narrative,kaito-social-spider.kaito_narrative_mindshare_timeseries,display_name,叙事名称,叙事主题供阅读的名称。,将内部代号与易读名称对应。,str,AI,2026-09-27T08:31:52.055893+00:00
kaito_mindshare_narrative,kaito-social-spider.kaito_narrative_mindshare_timeseries,mindshare[date],每日关注份额,每天该对象或叙事在相关讨论中的关注份额。,比较不同时间窗口的关注份额走势。,float,0.2607909604519774,2026-09-27T08:31:52.055893+00:00
kaito_mindshare_narrative,kaito-social-spider.kaito_narrative_mindshare_timeseries,narrative,叙事代号,Kaito 识别叙事主题的代码。,用同一代号追踪一个叙事的关注变化。,str,AI,2026-09-27T08:31:52.055893+00:00
kaito_market_sentiment,,marketcap,市场总市值,同一天的加密市场总市值。,观察市场情绪变化时的市场背景。,float,2641368826434.4,2026-09-27T08:31:52.055893+00:00
kaito_market_sentiment,,sentiment_score,情绪得分,按日期返回的市场或对象讨论情绪值。,观察情绪是否与关注度同步变化。,float,18.26326725828235,2026-09-27T08:31:52.055893+00:00
kaito_market_sentiment,,timestamp,日期,时间序列中每个观测值对应的日期。,将情绪与行情、提及量按日期对齐。,str,2026-09-01,2026-09-27T08:31:52.055893+00:00
kaito_tweet_engagement_info,kaito-social-spider.kaito_tweet_engagement_snapshot,author_id,作者 ID,用于查询某位作者的 X 用户标识。,关联该作者的曝光和资料。,str,,2026-09-27T08:31:52.055893+00:00
kaito_tweet_engagement_info,kaito-social-spider.kaito_tweet_engagement_snapshot,author_name,作者显示名,发布者在平台显示的名称。,人工核对作者身份。,str,,2026-09-27T08:31:52.055893+00:00
kaito_tweet_engagement_info,kaito-social-spider.kaito_tweet_engagement_snapshot,author_username,作者账号,发布内容的账号名称。,把内容按作者去重或观察特定账号。,str,,2026-09-27T08:31:52.055893+00:00
kaito_tweet_engagement_info,kaito-social-spider.kaito_tweet_engagement_snapshot,id,记录标识,这条上游记录的标识。,去重或回查同一条原始记录。,str,,2026-09-27T08:31:52.055893+00:00
kaito_tweet_engagement_info,kaito-social-spider.kaito_tweet_engagement_snapshot,like_count,点赞数,这条推文收到的点赞。,衡量单条内容的基础互动。,int,1642,2026-09-27T08:31:52.055893+00:00
kaito_tweet_engagement_info,kaito-social-spider.kaito_tweet_engagement_snapshot,quote_count,引用数,这条推文被引用的次数。,观察讨论是否被二次解读。,int,35,2026-09-27T08:31:52.055893+00:00
kaito_tweet_engagement_info,kaito-social-spider.kaito_tweet_engagement_snapshot,reply_count,回复数,这条推文收到的回复。,衡量讨论参与度。,int,137,2026-09-27T08:31:52.055893+00:00
kaito_tweet_engagement_info,kaito-social-spider.kaito_tweet_engagement_snapshot,retweet_count,转发数,这条推文被转发的次数。,观察内容传播范围。,int,109,2026-09-27T08:31:52.055893+00:00
kaito_tweet_engagement_info,kaito-social-spider.kaito_tweet_engagement_snapshot,smart_engagement_count,高质量账号互动数,这条推文来自高质量账号的互动次数。,与总互动一起判断讨论质量。,int,36,2026-09-27T08:31:52.055893+00:00
kaito_tweet_engagement_info,kaito-social-spider.kaito_tweet_engagement_snapshot,type,内容来源类型,这条内容属于 X 动态还是新闻等来源。,比较不同来源对同一主题的讨论。,str,Twitter,2026-09-27T08:31:52.055893+00:00
kaito_tweet_engagement_info,kaito-social-spider.kaito_tweet_engagement_snapshot,url,原文链接,指向来源内容的链接。,查看证据原文，确认摘要没有误导。,str,,2026-09-27T08:31:52.055893+00:00
kaito_tweet_engagement_info,kaito-social-spider.kaito_tweet_engagement_snapshot,view_count,浏览数,这条推文的浏览量。,把互动放到曝光规模中比较。,int,189822,2026-09-27T08:31:52.055893+00:00
